Title,Date
"Friends: Season 8: The One with the Rumor","11/8/25"
"Friends: Season 8: The One with the Stripper","11/8/25"
"Friends: Season 8: The One with the Stain","11/8/25"
"Friends: Season 8: The One with the Halloween Party","11/8/25"
"Friends: Season 8: The One with Rachel's Date","11/8/25"
"Friends: Season 8: The One with the Videotape","11/8/25"
"Friends: Season 8: The One Where Rachel Tells ...","11/8/25"
"Friends: Season 8: The One with the Red Sweater","11/5/25"
"Friends: Season 8: The One After I Do","11/5/25"
"Friends: Season 7: The One with Chandler and Monica's Wedding: Part 2","11/5/25"
"Friends: Season 7: The One with Chandler and Monica's Wedding: Part 1","11/5/25"
"Friends: Season 7: The One with Chandler's Dad","10/24/25"
"Kingdom","10/22/25"
"The Guilty","10/21/25"
"Ludo","10/16/25"
"Friends: Season 7: The One with the Vows","10/14/25"
"Fast & Furious Presents: Hobbs & Shaw","10/8/25"
"Fukrey","9/20/25"
"Happy New Year","9/20/25"
"Breaking Bad: Season 4: Shotgun","9/6/25"
"Breaking Bad: Season 4: Bullet Points","9/6/25"
"The Kissing Booth","9/4/25"
"My Oxford Year","8/29/25"
"PK","8/29/25"
"Breaking Bad: Season 4: Open House","8/15/25"
"Breaking Bad: Season 4: Thirty-Eight Snub","8/15/25"
"Breaking Bad: Season 4: Box Cutter","8/15/25"
"Breaking Bad: Season 3: Full Measure","8/15/25"
"Breaking Bad: Season 3: Half Measures","8/14/25"
"Breaking Bad: Season 3: Abiquiu","8/14/25"
"Breaking Bad: Season 3: Fly","8/13/25"
"Breaking Bad: Season 3: Kafkaesque","8/13/25"
"Breaking Bad: Season 3: I See You","8/13/25"
"Breaking Bad: Season 3: One Minute","8/13/25"
"Breaking Bad: Season 3: Sunset","8/12/25"
"Breaking Bad: Season 3: Mas","8/12/25"
"Breaking Bad: Season 3: Green Light","8/4/25"
"Breaking Bad: Season 3: I.F.T.","8/4/25"
"Breaking Bad: Season 3: Caballo Sin Nombre","8/3/25"
"Breaking Bad: Season 3: No Más","8/3/25"
"Breaking Bad: Season 2: ABQ","8/2/25"
"Breaking Bad: Season 2: Phoenix","8/2/25"
"Breaking Bad: Season 2: Mandala","8/2/25"
"Breaking Bad: Season 2: Over","8/2/25"
"Breaking Bad: Season 2: 4 Days Out","8/2/25"
"Breaking Bad: Season 2: Better Call Saul","8/2/25"
"Breaking Bad: Season 2: Negro y Azul","8/2/25"
"Breaking Bad: Season 2: Peekaboo","8/2/25"
"Breaking Bad: Season 2: Breakage","8/2/25"
"Breaking Bad: Season 2: Down","7/27/25"
"Breaking Bad: Season 2: Bit by a Dead Bee","7/26/25"
"Breaking Bad: Season 2: Grilled","7/26/25"
"Breaking Bad: Season 2: Seven Thirty-Seven","7/26/25"
"Breaking Bad: Season 1: A No-Rough-Stuff-Type Deal","7/26/25"
"Breaking Bad: Season 1: Crazy Handful of Nothin'","7/26/25"
"Breaking Bad: Season 1: Gray Matter","7/26/25"
"Breaking Bad: Season 1: Cancer Man","7/26/25"
"Suits: Season 3: Conflict of Interest","7/26/25"
"Suits: Season 3: Unfinished Business","7/26/25"
"Friends: Season 7: The One with Rachel's Big Kiss","7/26/25"
"Suits: Season 3: I Want You to Want Me","7/25/25"
"Suits: Season 3: The Arrangement","7/25/25"
"Brooklyn Nine-Nine: Season 1: Pilot","7/16/25"
"Money Heist: Part 5: A Family Tradition","7/15/25"
"Money Heist: Part 5: Pillow Talk","7/15/25"
"Money Heist: Part 5: The Elegance Theory","7/15/25"
"Money Heist: Part 5: Wishful Thinking","7/15/25"
"Money Heist: Part 5: Escape Valve","7/15/25"
"Money Heist: Part 5: Live Many Lives","7/15/25"
"Money Heist: Part 5: Your Place in Heaven","7/14/25"
"Money Heist: Part 5: Welcome to the Spectacle of Life","7/14/25"
"Money Heist: Part 5: Do You Believe in Reincarnation?","7/14/25"
"Money Heist: Part 5: The End of the Road","7/14/25"
"Money Heist: Part 4: The Paris Plan","7/14/25"
"Money Heist: Part 4: Strike the Tent","7/14/25"
"Money Heist: Part 4: TKO","7/14/25"
"Money Heist: Part 4: 5 Minutes Earlier","7/12/25"
"Money Heist: Part 4: Pasodoble","7/12/25"
"Money Heist: Part 4: Anatomy Lesson","7/11/25"
"Money Heist: Part 4: Berlin's Wedding","7/11/25"
"Money Heist: Part 4: Game Over","7/11/25"
"Friends: Season 7: The One with Ross and Monica's Cousin","7/5/25"
"The Royals: A Pitch Made in Heaven.","7/4/25"
"The Royals: A Royal Misunderstanding.","7/3/25"
"Squid Game in Conversation","7/3/25"
"Squid Game: Season 3: Humans Are…","7/3/25"
"Squid Game: Season 1: Red Light, Green Light","7/3/25"
"Squid Game: Season 3: ○△□","7/3/25"
"Squid Game: Season 3: 222","7/3/25"
"Squid Game: Season 3: It's Not Your Fault","7/2/25"
"Squid Game: Season 3: The Starry Night","7/2/25"
"The Croods","7/1/25"
"Squid Game: Season 3: Keys and Knives","7/1/25"
"Friends: Season 7: The One with Joey's Award","7/1/25"
"Geostorm","6/29/25"
"The Fate of the Furious","6/28/25"
"Mission: Impossible - Ghost Protocol","6/26/25"
"Friends: Season 7: The One with the Cheap Wedding Dress","6/26/25"
"Friends: Season 7: The One with the Truth About London","6/22/25"
"Friends: Season 7: The One with Joey's New Brain","6/22/25"
"Friends: Season 7: The One Where They All Turn Thirty","6/17/25"
"Friends: Season 7: The One Where Rosita Dies","6/13/25"
"Friends: Season 7: The One Where They're Up All Night","6/12/25"
"Friends: Season 7: The One with All the Cheesecakes","6/12/25"
"Friends: Season 7: The One with the Holiday Armadillo","6/12/25"
"Friends: Season 7: The One with All the Candy","6/12/25"
"Friends: Season 7: The One Where Chandler Doesn't Like Dogs","6/10/25"
"Friends: Season 7: The One with Ross' Library Book","6/9/25"
"Friends: Season 7: The One with the Nap Partners","6/9/25"
"Friends: Season 7: The One with the Engagement Picture","6/9/25"
"Friends: Season 7: The One with Rachel's Assistant","6/9/25"
"Friends: Season 7: The One with Phoebe's Cookies","6/9/25"
"Lucy","6/9/25"
"Friends: Season 7: The One with Rachel's Book","6/9/25"
"Friends: Season 7: The One with Monica's Thunder","6/9/25"
"Friends: Season 6: The One with the Proposal: Part 2","6/9/25"
"Friends: Season 6: The One with the Proposal: Part 1","6/9/25"
"Friends: Season 6: The One with the Ring","6/9/25"
"Friends: Season 6: The One Where Paul's the Man","6/9/25"
"Friends: Season 6: The One Where Ross Meets Elizabeth's Dad","6/9/25"
"Friends: Season 6: The One with Mac and C.H.E.E.S.E","6/9/25"
"Friends: Season 6: The One with Joey's Fridge","6/9/25"
"Friends: Season 6: The One Where Ross Dates a Student","6/9/25"
"Friends: Season 6: The One with Unagi","6/8/25"
"Friends: Season 6: The One That Could Have Been: Part 2","6/8/25"
"Friends: Season 6: The One That Could Have Been: Part 1","6/8/25"
"Friends: Season 6: The One Where Chandler Can't Cry","6/8/25"
"Friends: Season 6: The One with Rachel's Sister","6/8/25"
"Friends: Season 6: The One with the Joke","6/8/25"
"Friends: Season 6: The One with the Apothecary Table","6/8/25"
"Friends: Season 6: The One with the Routine","6/8/25"
"Friends: Season 6: The One Where Ross Got High","6/8/25"
"Friends: Season 6: The One with Ross's Teeth","6/8/25"
"Friends: Season 6: The One Where Phoebe Runs","6/7/25"
"Friends: Season 6: The One on the Last Night","6/7/25"
"Friends: Season 6: The One with Joey's Porsche","6/7/25"
"Friends: Season 6: The One Where Joey Loses His Insurance","6/7/25"
"Friends: Season 6: The One with Ross's Denial","6/7/25"
"Friends: Season 6: The One Where Ross Hugs Rachel","6/7/25"
"Friends: Season 6: The One After Vegas","6/7/25"
"Friends: Season 5: The One in Vegas: Part 2","6/7/25"
"Friends: Season 5: The One in Vegas: Part 1","6/7/25"
"Friends: Season 5: The One with Joey's Big Break","6/7/25"
"Friends: Season 5: The One with the Ball","6/7/25"
"Friends: Season 5: The One with the Ride-Along","6/7/25"
"Friends: Season 5: The One Where Ross Can't Flirt","6/7/25"
"Friends: Season 5: The One Where Rachel Smokes","6/7/25"
"Friends: Season 5: The One with Rachel's Inadvertent Kiss","6/7/25"
"Friends: Season 5: The One with the Cop","6/7/25"
"Friends: Season 5: The One with the Girl Who Hits Joey","6/7/25"
"Friends: Season 5: The One Where Everybody Finds Out","6/7/25"
"Friends: Season 5: The One with Joey's Bag","6/6/25"
"Friends: Season 5: The One with Chandler's Work Laugh","6/6/25"
"Friends: Season 5: The One with All the Resolutions","6/6/25"
"Friends: Season 5: The One with the Inappropriate Sister","6/6/25"
"Friends: Season 5: The One with Ross's Sandwich","6/6/25"
"Friends: Season 5: The One with All the Thanksgivings","6/6/25"
"Friends: Season 5: The One Where Ross Moves In","6/6/25"
"Friends: Season 5: The One with the Yeti","6/6/25"
"Friends: Season 5: The One with the Kips","6/6/25"
"Friends: Season 5: The One Where Phoebe Hates PBS","6/6/25"
"Friends: Season 5: The One Hundredth","6/6/25"
"Friends: Season 5: The One with All the Kissing","6/6/25"
"Friends: Season 5: The One After Ross Says Rachel","6/6/25"
"Friends: Season 4: The One with Ross's Wedding: Part 2","6/6/25"
"Friends: Season 4: The One with Ross's Wedding: Part 1","6/6/25"
"Friends: Season 4: The One with the Worst Best Man Ever","6/6/25"
"Friends: Season 4: The One with the Invitation","6/5/25"
"Friends: Season 4: The One with the Wedding Dresses","6/5/25"
"Friends: Season 4: The One with All the Haste","6/5/25"
"Friends: Season 4: The One with Rachel's New Dress","6/5/25"
"Friends: Season 4: The One with the Free Porn","6/5/25"
"Friends: Season 4: The One with the Fake Party","6/5/25"
"Friends: Season 4: The One with All the Rugby","6/5/25"
"Friends: Season 4: The One with Joey's Dirty Day","6/5/25"
"Friends: Season 4: The One with Rachel's Crush","6/5/25"
"Friends: Season 4: The One with the Embryos","6/5/25"
"Friends: Season 4: The One with Phoebe's Uterus","6/5/25"
"Friends: Season 4: The One with the Girl from Poughkeepsie","6/5/25"
"Friends: Season 4: The One Where They're Going to Party","6/5/25"
"Friends: Season 4: The One with Chandler in a Box","6/5/25"
"Friends: Season 4: The One Where Chandler Crosses the Line","6/5/25"
"Friends: Season 4: The One with the Dirty Girl","6/5/25"
"Friends: Season 4: The One with Joey's New Girlfriend","6/5/25"
"Ben 10: Washington B.C","6/5/25"
"Friends: Season 4: The One with the Ballroom Dancing","6/5/25"
"Friends: Season 4: The One with the 'Cuffs","6/5/25"
"Friends: Season 4: The One with the Cat","6/5/25"
"Friends: Season 4: The One with the Jellyfish","6/5/25"
"Friends: Season 3: The One at the Beach","6/5/25"
"Friends: Season 3: The One with the Ultimate Fighting Champion","6/4/25"
"Friends: Season 3: The One with Ross's Thing","6/3/25"
"Friends: Season 3: The One with the Screamer","6/3/25"
"Friends: Season 3: The One with a Chick. And a Duck","6/3/25"
"Friends: Season 3: The One with the Dollhouse","6/3/25"
"Friends: Season 3: The One with the Tiny T-Shirt","6/3/25"
"Friends: Season 3: The One with the Hypnosis Tape","6/3/25"
"Friends: Season 3: The One Without the Ski Trip","6/3/25"
"The Good Doctor: Season 1: Burnt Food","6/3/25"
"Friends: Season 3: The One The Morning After","5/30/25"
"Friends: Season 3: The One Where Ross & Rachel Take a Break","5/30/25"
"Friends: Season 3: The One with Phoebe's Ex-Partner","5/28/25"
"Sacred Games: Season 2: Radcliffe","5/25/25"
"Sacred Games: Season 2: Torino","5/25/25"
"Mission Raniganj: The Great Bharat Rescue","5/16/25"
"IC 814: The Kandahar Hijack: Limited Series: Episode 6","5/16/25"
"IC 814: The Kandahar Hijack: Limited Series: Episode 5","5/16/25"
"IC 814: The Kandahar Hijack: Limited Series: Episode 4","5/16/25"
"IC 814: The Kandahar Hijack: Limited Series: Episode 3","5/15/25"
"IC 814: The Kandahar Hijack: Limited Series: Episode 2","5/15/25"
"IC 814: The Kandahar Hijack: Limited Series: Episode 1","5/14/25"
"The Diplomat","5/10/25"
"Sacred Games: Season 2: Azrael","5/10/25"
"Sacred Games: Season 2: Vikarna","5/9/25"
"Sacred Games: Season 2: Bardo","5/9/25"
"Sacred Games: Season 2: Apasmara","5/9/25"
"Sacred Games: Season 2: Siduri","5/9/25"
"Sacred Games: Season 2: Matsya","5/9/25"
"Sacred Games: Season 1: Yayati","5/8/25"
"Sacred Games: Season 1: Rudra","5/8/25"
"Jewel Thief - The Heist Begins","5/2/25"
"Jumanji: The Next Level","4/15/25"
"Deva","4/10/25"
"When Life Gives You Tangerines: Limited Series: Spring in a Heartbeat","4/10/25"
" ","4/10/25"
"Sacred Games: Season 1: Pretakalpa","3/27/25"
"Khakee: The Bengal Chapter: City of Joy","3/25/25"
"Sacred Games: Season 1: Sarama","3/23/25"
"Sacred Games: Season 1: Brahmahatya","3/21/25"
"Sacred Games: Season 1: Atapi Vatapi","3/21/25"
"Sacred Games: Season 1: Halahala ","3/20/25"
"Sacred Games: Season 1: Ashwathama ","3/20/25"
"Suits: Season 2: War","3/17/25"
"Chup Chup Ke","3/16/25"
"Dhoom Dhaam","3/16/25"
"Khakee: The Bihar Chapter: PATRA PARICHAY !","3/16/25"
"C.I.D: Episodes (1-25): 15-03-2025 Swimmers","3/16/25"
"C.I.D: Episodes (1-25): 02-03-2025 Death Of A Therapist","3/16/25"
"Fighter","3/11/25"
"C.I.D: Episodes (1-25): 09-03-2025 Curse Of The Burning Man","3/10/25"
"C.I.D: Episodes (1-25): 08-03-2025 Not Guilty","3/10/25"
"Suits: Season 2: Normandy","3/10/25"
"Do Patti","3/10/25"
"Never Have I Ever: Season 1: Pilot","3/8/25"
"Dabangg 3","3/8/25"
"Money Heist: Part 1: Episode 1","3/8/25"
"Stranger Things: Chapter Three: Holly, Jolly","3/8/25"
"Stranger Things: Chapter Two: The Weirdo on Maple Street","3/8/25"
"Stranger Things: Chapter One: The Vanishing of Will Byers","3/8/25"
"Outer Banks: Season 4: The Blue Crown","3/8/25"
"Outer Banks: Season 3: Secret of the Gnomon","3/8/25"
"House of Cards: Season 1: Chapter 1","3/8/25"
"VidaaMuyarchi","3/8/25"
"Now You See Me 2","3/3/25"
"Now You See Me","3/1/25"
"Glass Onion: A Knives Out Mystery","2/28/25"
"Barbie","2/28/25"
"Venom: The Last Dance","2/28/25"
"Knight and Day","2/27/25"
"Madame Web","2/27/25"
"Spider-Man: No Way Home (Extended Version)","2/25/25"
"The Intern","2/25/25"
"Friends: Season 3: The One Where Monica & Richard Are Just Friends","2/17/25"
"Pushpa 2: The Rule (Reloaded Version)","2/16/25"
"Breaking Bad: Season 1: And the Bag's in the River","2/13/25"
"Breaking Bad: Season 1: The Cat's in the Bag","2/12/25"
"Friends: Season 3: The One with All the Jealousy","2/11/25"
"Friends: Season 3: The One Where Chandler Can't Remember Which Sister","2/11/25"
"Friends: Season 3: The One Where Rachel Quits","2/11/25"
"The Night Agent: Season 2: Buyer's Remorse","2/10/25"
"The Night Agent: Season 2: Cultural Exchange","2/10/25"
"The Night Agent: Season 2: Divergence","2/10/25"
"The Night Agent: Season 2: Tilt","2/8/25"
"The Night Agent: Season 2: A Good Agent","2/8/25"
"The Night Agent: Season 2: A Family Matter","2/8/25"
"The Night Agent: Season 2: Desperate Measures","2/8/25"
"The Night Agent: Season 2: Government Property","2/8/25"
"The Night Agent: Season 2: Disconnected","2/7/25"
"The Night Agent: Season 2: Call Tracking","2/7/25"
"The Night Agent: Season 1: Fathers","2/6/25"
"The Night Agent: Season 1: The Devil We Know","2/6/25"
"The Night Agent: Season 1: Redux","2/6/25"
"The Night Agent: Season 1: Best Served Cold","2/5/25"
"The Night Agent: Season 1: Fathoms","2/4/25"
"The Night Agent: Season 1: The Marionette","2/3/25"
"The Night Agent: Season 1: Eyes Only","2/3/25"
"The Night Agent: Season 1: The Zookeeper","2/3/25"
"The Night Agent: Season 1: Redial","2/2/25"
"The Night Agent: Season 1: The Call","2/1/25"
"Wednesday: Season 1: Woe Is the Loneliest Number","2/1/25"
"Zombieland: Double Tap","1/31/25"
"Wednesday: Season 1: Friend or Woe","1/28/25"
"Wednesday: Season 1: Wednesday's Child Is Full of Woe","1/28/25"
"Suits: Season 2: He's Back","1/27/25"
"Back in Action","1/25/25"
"Squid Game: Making Season 2","1/25/25"
"Squid Game: Season 2: Friend or Foe","1/24/25"
"Squid Game: Season 2: O ﻿ X","1/24/25"
"Squid Game: Season 2: One More Game","1/24/25"
"Suits: Season 2: Zane Vs. Zane","1/22/25"
"Squid Game: Season 2: Six Legs","1/22/25"
"Squid Game: Season 2: 001","1/17/25"
"Squid Game: Season 2: Halloween Party","1/17/25"
"Squid Game: Season 2: Bread and Lottery","1/12/25"
"Squid Game: Season 1: One Lucky Day","1/11/25"
"Squid Game: Season 1: Front Man","1/11/25"
"Squid Game: Season 1: VIPS","1/11/25"
"Squid Game: Season 1: Gganbu","1/10/25"
"Squid Game: Season 1: A Fair World","1/10/25"
"Squid Game: Season 1: Stick to the Team","1/9/25"
"Squid Game: Season 1: The Man with the Umbrella","1/8/25"
"Suits: Season 2: Blood in the Water","1/7/25"
"Suits: Season 2: Blind-Sided","1/7/25"
"Squid Game: Season 1: Hell","1/7/25"
"Bird Box","1/6/25"
"Suits: Season 2: High Noon","1/5/25"
"Suits: Season 2: Asterisk","1/5/25"
"Suits: Season 2: Rewind","1/3/25"
"Suits: Season 2: Sucker Punch","1/3/25"
"Suits: Season 2: All In","1/3/25"
"Suits: Season 2: Break Point","1/3/25"
"Suits: Season 2: Discovery","1/2/25"
"Suits: Season 2: Meet the New Boss","1/1/25"
"Suits: Season 2: The Choice","12/31/24"
"Suits: Season 2: She Knows","12/31/24"
"Suits: Season 1: Dog Fight","12/31/24"
"Carry-On","12/30/24"
"Suits: Season 1: Rules of the Game","12/30/24"
"Suits: Season 1: The Shelf Life","12/29/24"
"Suits: Season 1: Undefeated","12/28/24"
"Suits: Season 1: Identity Crisis","12/28/24"
"Suits: Season 1: Play the Man","12/27/24"
"Suits: Season 1: Tricks of the Trade","12/27/24"
"Suits: Season 1: Bail Out","12/27/24"
"Suits: Season 1: Dirty Little Secrets","12/26/24"
"Suits: Season 1: Inside Track","12/26/24"
"Suits: Season 1: Errors and Omissions","12/26/24"
"Suits: Season 1: Pilot Part 1 & 2","12/26/24"
"Vicky Vidya ka Woh Wala Video","12/15/24"
"Mismatched: Season 3: When Dimple Didn't Meet Rishi","12/15/24"
"Mismatched: Season 1: When Dimple Met Rishi","12/15/24"
"Outer Banks: Season 3: Tapping the Rudder","12/15/24"
"Outer Banks: Season 3: Happy Anniversary","12/14/24"
"Outer Banks: Season 3: The Dark Forest","12/14/24"
"Outer Banks: Season 3: Heists","12/14/24"
"Outer Banks: Season 3: The Diary","12/14/24"
"Bullet Train","12/12/24"
"Outer Banks: Season 3: Fathers and Sons","12/6/24"
"Outer Banks: Season 3: The Bells","12/5/24"
"Outer Banks: Season 3: Poguelandia","12/4/24"
"Outer Banks: Season 2: The Coastal Venture","12/2/24"
"Outer Banks: Season 2: Trapped","12/2/24"
"How to Lose a Guy in 10 Days","11/29/24"
"Outer Banks: Season 2: The Cross","11/28/24"
"Outer Banks: Season 4: Family Plot","11/28/24"
"Outer Banks: Season 4: Mothers and Fathers","11/28/24"
"Outer Banks: Season 4: The Town Council","11/27/24"
"Outer Banks: Season 4: Albatross","11/27/24"
"Outer Banks: Season 2: The Bonfire","11/27/24"
"Outer Banks: Season 2: My Druthers","11/27/24"
"Outer Banks: Season 2: The Darkest Hour","11/27/24"
"Outer Banks: Season 2: Homecoming","11/27/24"
"Outer Banks: Season 2: Prayers","11/27/24"
"Outer Banks: Season 2: The Heist","11/25/24"
"Outer Banks: Season 2: The Gold","11/24/24"
"Outer Banks: Season 1: The Phantom","11/24/24"
"Outer Banks: Season 1: The Bell Tower","11/24/24"
"Outer Banks: Season 1: The Runway","11/23/24"
"Outer Banks: Season 1: Dead Calm","11/23/24"
"Outer Banks: Season 1: Parcel 9","11/21/24"
"Outer Banks: Season 1: Midsummers","11/19/24"
"The Great Indian Kapil Show: Season 2: Karwa Chauth with the Fabulous Wives","11/16/24"
"Outer Banks: Season 1: Spy Games","11/14/24"
"Outer Banks: Season 1: The Forbidden Zone","11/14/24"
"Outer Banks: Season 1: The Lucky Compass","11/13/24"
"365 Days","11/12/24"
"You: Season 2: Ex-istential Crisis","11/12/24"
"You: Season 2: Farewell, My Bunny","11/12/24"
"Outer Banks: Season 1: Pilot","11/11/24"
"You: Season 2: Have a Good Wellkend, Joe!","11/11/24"
"You: Season 2: The Good, the Bad, & the Hendy","11/8/24"
"You: Season 2: What Are Friends For?","11/7/24"
"You: Season 2: Just the Tip","11/7/24"
"You: Season 2: A Fresh Start","11/7/24"
"You: Season 1: Bluebeard's Castle","11/6/24"
"You: Season 1: Candace","11/6/24"
"You: Season 1: You Got Me, Babe","11/5/24"
"You: Season 1: Everythingship","11/5/24"
"You: Season 1: Amour Fou","11/5/24"
"You: Season 1: Living with the Enemy","11/5/24"
"You: Season 1: The Captain","11/4/24"
"You: Season 1: Maybe","11/4/24"
"You: Season 1: The Last Nice Guy in New York","11/4/24"
"You: Season 1: Pilot","11/4/24"
"Transformers: Rise of the Beasts","10/27/24"
"GOAT - The Greatest of All Time","10/26/24"
"13 Reasons Why: Season 1: Tape 2, Side A","10/14/24"
"13 Reasons Why: Season 1: Tape 1, Side B","10/14/24"
"13 Reasons Why: Season 1: Tape 1, Side A","9/30/24"
"Seven","9/28/24"
"Breaking Bad: Season 1: Pilot","9/28/24"
"Phir Aayi Hasseen Dillruba","9/22/24"
"Fast X","9/21/24"
"Edge of Tomorrow","8/18/24"
"13 Reasons Why: Season 4: Graduation","8/14/24"
"13 Reasons Why: Season 4: Prom","8/14/24"
"13 Reasons Why: Season 4: Acceptance/Rejection","8/14/24"
"13 Reasons Why: Season 4: College Interview","8/7/24"
"13 Reasons Why: Season 4: Thursday","8/7/24"
"13 Reasons Why: Season 4: House Party","7/28/24"
"13 Reasons Why: Season 4: Senior Camping Trip","7/25/24"
"13 Reasons Why: Season 4: Valentine's Day","7/24/24"
"13 Reasons Why: Season 4: College Tour","7/17/24"
"13 Reasons Why: Season 4: Winter Break","7/12/24"
"13 Reasons Why: Season 3: Let the Dead Bury the Dead","7/11/24"
"13 Reasons Why: Season 3: And Then the Hurricane Hit","7/11/24"
"13 Reasons Why: Season 3: There Are a Few Things I Haven't Told You","7/11/24"
"13 Reasons Why: Season 3: The World Closing In","7/11/24"
"13 Reasons Why: Season 3: Always Waiting for the Next Bad News","7/11/24"
"13 Reasons Why: Season 3: In High School, Even on a Good Day, It's Hard to Tell Who's on Your Side","7/10/24"
"13 Reasons Why: Season 3: There Are a Number of Problems with Clay Jensen","7/9/24"
"13 Reasons Why: Season 3: You Can Tell the Heart of a Man by How He Grieves","7/9/24"
"13 Reasons Why: Season 3: Nobody's Clean","7/9/24"
"13 Reasons Why: Season 3: Angry, Young and Man","7/9/24"
"13 Reasons Why: Season 3: The Good Person Is Indistinguishable from the Bad","7/9/24"
"13 Reasons Why: Season 3: If You're Breathing, You're a Liar","7/8/24"
"13 Reasons Why: Season 3: Yeah. I'm the New Girl","7/8/24"
"13 Reasons Why: Season 2: Bye","7/6/24"
"13 Reasons Why: Season 2: The Box of Polaroids","7/6/24"
"13 Reasons Why: Season 2: Bryce and Chloe","7/6/24"
"13 Reasons Why: Season 2: Smile, Bitches","7/5/24"
"13 Reasons Why: Season 2: The Missing Page","7/5/24"
"13 Reasons Why: Season 2: The Little Girl","7/5/24"
"13 Reasons Why: Season 2: The Third Polaroid","7/5/24"
"13 Reasons Why: Season 2: The Smile at the End of the Dock","7/4/24"
"13 Reasons Why: Season 2: The Chalk Machine","7/4/24"
"13 Reasons Why: Season 2: The Second Polaroid","7/4/24"
"13 Reasons Why: Season 2: The Drunk Slut","7/4/24"
"13 Reasons Why: Season 2: Two Girls Kissing","7/3/24"
"13 Reasons Why: Season 2: The First Polaroid","7/3/24"
"Murder Mystery 2","6/29/24"
"The Great Indian Kapil Show: Season 1: Kartik Aaryan and Khandaan","6/28/24"
"Friends: Season 3: The One with the Football","6/28/24"
"Friends: Season 3: The One with the Giant Poking Device","6/27/24"
"Yeh Jawaani Hai Deewani","6/27/24"
"13 Reasons Why: Season 1: Tape 7, Side A","6/27/24"
"13 Reasons Why: Season 1: Tape 6, Side B","6/27/24"
"13 Reasons Why: Season 1: Tape 6, Side A","6/27/24"
"13 Reasons Why: Season 1: Tape 5, Side B","6/27/24"
"13 Reasons Why: Season 1: Tape 5, Side A","6/26/24"
"13 Reasons Why: Season 1: Tape 4, Side B","6/26/24"
"13 Reasons Why: Season 1: Tape 4, Side A","6/25/24"
"13 Reasons Why: Season 1: Tape 3, Side B","6/23/24"
"Triple Frontier","6/22/24"
"Kota Factory: Season 3: Product Delivery","6/22/24"
"Kota Factory: Season 3: Emergency Response","6/22/24"
"Kota Factory: Season 3: Benchmarking","6/22/24"
"Kota Factory: Season 3: Fault Mitigation","6/21/24"
"Joker","6/20/24"
"Kota Factory: Season 3: Mission Statement","6/20/24"
"Kota Factory: Season 1: Inventory","6/20/24"
" ","6/19/24"
"The Dark Knight","6/18/24"
"Batman Begins","6/17/24"
"13 Reasons Why: Season 1: Tape 3, Side A","6/17/24"
"13 Reasons Why: Season 1: Tape 2, Side B","6/17/24"
"Friends: Season 3: The One with the Race Car Bed","6/16/24"
"Hit Man","6/15/24"
"Laapataa Ladies","6/15/24"
"Bade Miyan Chote Miyan","6/15/24"
"Narcos: Season 3: Going Back to Cali","6/14/24"
"Narcos: Season 3: Todos Los Hombres del Presidente","6/14/24"
"Narcos: Season 3: Convivir","6/14/24"
"Narcos: Season 3: Sin Salida","6/14/24"
"Narcos: Season 3: Best Laid Plans","6/14/24"
"Narcos: Season 3: MRO","6/13/24"
"Narcos: Season 3: Checkmate","6/13/24"
"Narcos: Season 3: Follow the Money","6/13/24"
"Narcos: Season 3: The Cali KGB","6/13/24"
"Narcos: Season 3: The Kingpin Strategy","6/12/24"
"Crew","6/12/24"
"Narcos: Season 2: Al Fin Cayó!","6/11/24"
"Narcos: Season 2: Nuestra Finca","6/11/24"
"Narcos: Season 2: Exit El Patrón","6/11/24"
"Narcos: Season 2: Deutschland 93","6/11/24"
"Narcos: Season 2: Los Pepes","6/10/24"
"Narcos: Season 2: The Enemies of My Enemy","6/10/24"
"Narcos: Season 2: The Good, The Bad, and The Dead","6/10/24"
"Narcos: Season 2: Our Man in Madrid","6/10/24"
"Narcos: Season 2: Cambalache","6/10/24"
"Narcos: Season 2: Free at Last","6/9/24"
"Narcos: Season 1: Despegue","6/8/24"
"Narcos: Season 1: La Catedral","6/8/24"
"Narcos: Season 1: La Gran Mentira","6/7/24"
"Narcos: Season 1: You Will Cry Tears of Blood","6/7/24"
"Narcos: Season 1: Explosivos","6/6/24"
"Narcos: Season 1: There Will Be a Future","6/5/24"
"Narcos: Season 1: The Palace in Flames","6/5/24"
"Narcos: Season 1: The Men of Always","6/5/24"
"Narcos: Season 1: The Sword of Simón Bolívar","6/5/24"
"Narcos: Season 1: Descenso","6/5/24"
"Friends: Season 3: The One with the Flashback","5/24/24"
"Enola Holmes 2","5/23/24"
"She: Season 2: The Tightrope","5/21/24"
"She: Season 2: The Test","5/21/24"
"American Made","5/21/24"
"Friends: Season 3: The One with Frank Jr","5/15/24"
"Friends: Season 3: The One with the Metaphorical Tunnel","5/6/24"
"Lucifer: Season 1: Pops","5/6/24"
"Lucifer: Season 1: A Priest Walks into a Bar","5/5/24"
"Lucifer: Season 1: Et Tu, Doctor?","5/5/24"
"Lucifer: Season 1: Wingman","5/5/24"
"Lucifer: Season 1: Favorite Son","5/5/24"
"Lucifer: Season 1: Sweet Kicks","5/3/24"
"Lucifer: Season 1: Manly Whatnots","5/2/24"
"Lucifer: Season 1: The Would-Be Prince of Darkness","4/29/24"
"Lucifer: Season 1: Lucifer, Stay. Good Devil.","4/29/24"
"Sir (Hindi)","4/28/24"
"Saaho","4/28/24"
"Lucifer: Season 1: Pilot","4/28/24"
"Hi Papa (Hindi)","4/25/24"
"Article 370","4/25/24"
"Friends: Season 3: The One with the Jam","4/24/24"
"She: Season 1: Devil's Share","4/23/24"
"Friends: Season 3: The One Where No One's Ready","4/22/24"
"Friends: Season 3: The One with the Princess Leia Fantasy","4/22/24"
"She: Season 1: The Promise","4/22/24"
"Friends: Season 2: The One with Barry and Mindy's Wedding","4/22/24"
"Friends: Season 2: The One with the Chicken Pox","4/21/24"
"Friends: Season 2: The One with the Two Parties","4/21/24"
"Friends: Season 2: The One with the Bullies","4/21/24"
"Friends: Season 2: The One Where Old Yeller Dies","4/21/24"
"Baby Driver","4/21/24"
"She: Season 1: It's Time","4/21/24"
"She: Season 1: The Proposal","4/21/24"
"She: Season 1: Night Walk","4/20/24"
"She: Season 1: The Pawn's Move","4/20/24"
"All India Rank","4/19/24"
"She: Season 1: The Pickup","4/18/24"
"Better Call Saul: Season 6: Saul Gone","4/18/24"
"Better Call Saul: Season 6: Waterworks","4/17/24"
"Better Call Saul: Season 6: Breaking Bad","4/16/24"
"Better Call Saul: Season 6: Nippy","4/16/24"
"Better Call Saul: Season 6: Fun and Games","4/16/24"
"Better Call Saul: Season 6: Point and Shoot","4/15/24"
"Better Call Saul: Season 6: Plan and Execution","4/14/24"
"Better Call Saul: Season 6: Axe and Grind","4/14/24"
"Better Call Saul: Season 6: Black and Blue","4/14/24"
"Better Call Saul: Season 6: Hit and Run","4/14/24"
"Better Call Saul: Season 6: Rock and Hard Place","4/14/24"
"Better Call Saul: Season 6: Carrot and Stick","4/13/24"
"Better Call Saul: Season 6: Wine and Roses","4/11/24"
"Better Call Saul: Season 5: Something Unforgivable","4/10/24"
"Better Call Saul: Season 5: Bad Choice Road","4/8/24"
"Better Call Saul: Season 5: Bagman","4/5/24"
"Better Call Saul: Season 5: JMM","4/5/24"
"Better Call Saul: Season 5: Wexler v. Goodman","4/4/24"
"Better Call Saul: Season 5: Dedicado a Max","4/4/24"
"Better Call Saul: Season 5: Namaste","4/2/24"
"Better Call Saul: Season 5: The Guy for This","4/1/24"
"Better Call Saul: Season 5: 50% Off","4/1/24"
"Better Call Saul: Season 5: Magic Man","4/1/24"
"Murder Mubarak","3/31/24"
"Better Call Saul: Season 4: Winner","3/31/24"
"Better Call Saul: Season 4: Wiedersehen","3/30/24"
"Better Call Saul: Season 4: Coushatta","3/30/24"
"Better Call Saul: Season 4: Something Stupid","3/30/24"
"Better Call Saul: Season 4: Piñata","3/30/24"
"Better Call Saul: Season 4: Quite a Ride","3/30/24"
"Khakee: The Bihar Chapter: PHACE TO PHACE !","3/29/24"
"Khakee: The Bihar Chapter: MEETA JI KI LOVE STORY PART 2","3/29/24"
"Khakee: The Bihar Chapter: MEETA JI KI LOVE STORY !!!","3/29/24"
"Khakee: The Bihar Chapter: MOOH DIKHAI !!!","3/29/24"
"Khakee: The Bihar Chapter: AMIT KAUN ???","3/29/24"
"Khakee: The Bihar Chapter: CHANDANWA KA JANM !","3/29/24"
"Dune","3/28/24"
"Maamla Legal Hai: Egregious","3/28/24"
"The Shawshank Redemption","3/28/24"
"Better Call Saul: Season 4: Talk","3/27/24"
"Better Call Saul: Season 4: Something Beautiful","3/27/24"
"Better Call Saul: Season 4: Breathe","3/27/24"
"Better Call Saul: Season 4: Smoke","3/26/24"
"Better Call Saul: Season 3: Lantern","3/26/24"
"Better Call Saul: Season 3: Fall","3/26/24"
"Better Call Saul: Season 3: Slip","3/26/24"
"Better Call Saul: Season 3: Expenses","3/26/24"
"Better Call Saul: Season 3: Off Brand","3/23/24"
"Better Call Saul: Season 3: Chicanery","3/22/24"
"Better Call Saul: Season 3: Sabrosito","3/22/24"
"Better Call Saul: Season 3: Sunk Costs","3/22/24"
"Better Call Saul: Season 3: Witness","3/22/24"
"Better Call Saul: Season 3: Mabel","3/22/24"
"Better Call Saul: Season 2: Klick","3/22/24"
"Better Call Saul: Season 2: Nailed","3/20/24"
"Better Call Saul: Season 2: Fifi","3/19/24"
"Better Call Saul: Season 2: Inflatable","3/19/24"
"Better Call Saul: Season 2: Bali Ha'i","3/19/24"
"Better Call Saul: Season 2: Rebecca","3/19/24"
"Better Call Saul: Season 2: Gloves Off","3/19/24"
"Better Call Saul: Season 2: Amarillo","3/19/24"
"Better Call Saul: Season 2: Cobbler","3/19/24"
"Better Call Saul: Season 2: Switch","3/19/24"
"Better Call Saul: Season 1: Marco","3/18/24"
"Better Call Saul: Season 1: Pimento","3/18/24"
"Better Call Saul: Season 1: Rico","3/18/24"
"Better Call Saul: Season 1: Bingo","3/18/24"
"Better Call Saul: Season 1: Five-O","3/18/24"
"Better Call Saul: Season 1: Alpine Shepherd Boy","3/18/24"
"Better Call Saul: Season 1: Hero","3/17/24"
"Better Call Saul: Season 1: Nacho","3/16/24"
"Better Call Saul: Season 1: Mijo","3/16/24"
"Better Call Saul: Season 1: Uno","3/16/24"
"Friends: Season 2: The One Where Eddie Won't Go","3/14/24"
"Friends: Season 2: The One Where Dr. Ramoray Dies","3/14/24"
"Friends: Season 2: The One Where Eddie Moves In","3/13/24"
"Friends: Season 2: The One Where Joey Moves Out","3/13/24"
"Friends: Season 2: The One Where Ross and Rachel...You Know","3/13/24"
"Friends: Season 2: The One with the Prom Video","3/13/24"
"Gran Turismo: Based on a True Story","3/13/24"
"Lift","3/12/24"
"El Camino: A Breaking Bad Movie","3/10/24"
"Breaking Bad: Season 5: Felina","3/9/24"
"Breaking Bad: Season 5: Granite State","3/9/24"
"Breaking Bad: Season 5: Ozymandias","3/9/24"
"Breaking Bad: Season 5: To'hajiilee","3/9/24"
"Breaking Bad: Season 5: Rabid Dog","3/9/24"
"Breaking Bad: Season 5: Confessions","3/9/24"
"Breaking Bad: Season 5: Buried","3/9/24"
"Breaking Bad: Season 5: Blood Money","3/9/24"
"Breaking Bad: Season 5: Gliding Over All","3/9/24"
"Breaking Bad: Season 5: Say My Name","3/8/24"
"Breaking Bad: Season 5: Buyout","3/8/24"
"Breaking Bad: Season 5: Dead Freight","3/8/24"
"Breaking Bad: Season 5: Fifty-One","3/8/24"
"Breaking Bad: Season 5: Hazard Pay","3/7/24"
"Breaking Bad: Season 5: Madrigal","3/5/24"
"Breaking Bad: Season 5: Live Free Or Die","3/5/24"
"Breaking Bad: Season 4: Face Off","3/4/24"
"Breaking Bad: Season 4: End Times","3/4/24"
"Breaking Bad: Season 4: Crawl Space","3/4/24"
"Breaking Bad: Season 4: Salud","3/4/24"
"Court","3/3/24"
"Breaking Bad: Season 4: Bug","3/2/24"
"Breaking Bad: Season 4: Hermanos","3/2/24"
"Berlin: Season 1: Anchor and Lobo","3/2/24"
"Berlin: Season 1: The Energy of Love","3/2/24"
"Breaking Bad: Season 4: Problem Dog","3/2/24"
"Breaking Bad: Season 4: Cornered","3/1/24"
"Class: Episode 1","2/25/24"
"Salaar","2/16/24"
"Killer Soup: Episode 1","1/25/24"
"Salaar (Tamil)","1/24/24"
"Berlin: Season 1: An Endangered Elephant","1/23/24"
"Berlin: Season 1: The Last Virgin in the Western World","1/23/24"
"Berlin: Season 1: Night of the Lemons","1/23/24"
"Peaky Blinders: Season 6: Lock and Key","12/25/23"
"Peaky Blinders: Season 6: The Road to Hell","12/24/23"
"Peaky Blinders: Season 6: Sapphire","12/24/23"
"Peaky Blinders: Season 6: Gold","12/24/23"
"6 Underground","12/23/23"
"Riverdale: Season 3: Chapter Thirty-Eight: “As Above, So Below”","12/23/23"
"Peaky Blinders: Season 5: Mr Jones","12/23/23"
"Peaky Blinders: Season 6: Black Shirt","12/22/23"
"Peaky Blinders: Season 6: Black Day","12/22/23"
"Peaky Blinders: Season 5: The Shock","12/21/23"
"Peaky Blinders: Season 5: The Loop","12/21/23"
"Peaky Blinders: Season 5: Strategy","12/20/23"
"Peaky Blinders: Season 5: Black Cats","12/20/23"
"Peaky Blinders: Season 5: Black Tuesday","12/20/23"
"Riverdale: Season 2: Chapter Thirty-Three: Shadow of a Doubt","12/20/23"
"Riverdale: Season 2: Chapter Thirty-Two: Prisoners","12/20/23"
"The Gray Man","12/20/23"
"Peaky Blinders: Season 4: The Company","12/19/23"
"Peaky Blinders: Season 4: The Duel","12/19/23"
"Peaky Blinders: Season 4: Dangerous","12/19/23"
"Peaky Blinders: Season 4: Blackbird","12/19/23"
"Peaky Blinders: Season 4: Heathens","12/17/23"
"Peaky Blinders: Season 4: The Noose","12/16/23"
"Peaky Blinders: Season 3: Episode 6","12/15/23"
"Peaky Blinders: Season 3: Episode 5","12/15/23"
"Peaky Blinders: Season 3: Episode 4","12/15/23"
"Peaky Blinders: Season 3: Episode 3","12/14/23"
"Peaky Blinders: Season 3: Episode 2","12/14/23"
"Peaky Blinders: Season 3: Episode 1","12/14/23"
"Peaky Blinders: Season 2: Episode 6","12/14/23"
"Peaky Blinders: Season 2: Episode 5","12/13/23"
"Peaky Blinders: Season 2: Episode 4","12/11/23"
"Friends: Season 2: The One After the Super Bowl: Part 2","12/11/23"
"Friends: Season 2: The One After the Super Bowl: Part 1","12/11/23"
"RRR (Hindi)","12/9/23"
"Peaky Blinders: Season 2: Episode 3","12/9/23"
"Heart of Stone","12/8/23"
"Peaky Blinders: Season 2: Episode 2","12/5/23"
"Peaky Blinders: Season 2: Episode 1","12/4/23"
"Peaky Blinders: Season 1: Episode 6","12/4/23"
"Peaky Blinders: Season 1: Episode 5","12/4/23"
"Peaky Blinders: Season 1: Episode 4","12/4/23"
"Peaky Blinders: Season 1: Episode 3","12/4/23"
"Friends: Season 2: The One with the Lesbian Wedding","12/4/23"
"Leo (Hindi)","12/2/23"
"Peaky Blinders: Season 1: Episode 2","11/30/23"
"Peaky Blinders: Season 1: Episode 1","11/29/23"
"Mission: Impossible - Fallout","11/17/23"
"Friends: Season 2: The One with Russ","11/17/23"
"Friends: Season 2: The One with Phoebe's Dad","11/17/23"
"Jawan: Extended Cut","11/16/23"
"Friends: Season 2: The One with the List","11/4/23"
"Friends: Season 2: The One Where Ross Finds Out","11/4/23"
"Friends: Season 2: The One with the Baby on the Bus","11/4/23"
"Friends: Season 2: The One with Five Steaks and an Eggplant","10/31/23"
"Friends: Season 2: The One with Phoebe's Husband","10/31/23"
"Friends: Season 2: The One Where Heckles Dies","10/31/23"
"Friends: Season 2: The One with the Breast Milk","10/31/23"
"Friends: Season 2: The One with Ross's New Girlfriend","10/31/23"
"Friends: Season 1: The One Where Rachel Finds Out","10/31/23"
"Friends: Season 1: The One with the Birth","10/30/23"
"Friends: Season 1: The One with the Ick Factor","10/30/23"
"Friends: Season 1: The One with the Fake Monica","10/30/23"
"Friends: Season 1: The One with the Evil Orthodontist","10/30/23"
"Friends: Season 1: The One Where the Monkey Gets Away","10/30/23"
"Friends: Season 1: The One with All the Poker","10/30/23"
"Friends: Season 1: The One with the Two Parts: Part 2","10/20/23"
"Friends: Season 1: The One with the Two Parts: Part 1","10/20/23"
"Friends: Season 1: The One with the Stoned Guy","10/11/23"
"Friends: Season 1: The One with the Candy Hearts","10/11/23"
"Friends: Season 1: The One with the Boobies","10/11/23"
"Friends: Season 1: The One with the Dozen Lasagnas","10/9/23"
"Friends: Season 1: The One with Mrs. Bing","10/9/23"
"OMG 2","10/8/23"
"Friends: Season 1: The One with the Monkey","10/4/23"
"Friends: Season 1: The One Where Underdog Gets Away","10/4/23"
"Friends: Season 1: The One Where Nana Dies Twice","10/4/23"
"Friends: Season 1: The One Where Monica Gets a Roommate (Pilot)","10/4/23"
